,class_0,class_1,r_dtw_10,r_dtw_100,r_dtw_20,r_dtw_30,r_dtw_40,r_dtw_5,r_dtw_50,r_lsmash,r_smash,t_dtw_10,t_dtw_100,t_dtw_20,t_dtw_30,t_dtw_40,t_dtw_5,t_dtw_50,t_lsmash,t_smash
0,41,77,0.9176254026691211,0.9206170052671181,0.9603562696472233,0.9610668961066896,0.9583431952662722,0.884336370495038,0.9476787030213706,0.3335931250545499,0.8968072530829942,0.5153570175170898,3.996299982070923,0.9872040748596191,1.4693760871887207,1.832716941833496,0.3513209819793701,2.269446849822998,0.04155588150024414,1.1488330364227295
1,5,88,0.37071344107213244,0.17226470234997399,0.23328267477203649,0.19600464390087674,0.18123223507746505,0.6039242527948894,0.1747467873013331,0.2975473446630043,0.48711099351250386,0.4980309009552002,4.437312126159668,1.090825080871582,1.4321379661560059,2.1492080688476562,0.3549058437347412,2.2964720726013184,0.03574800491333008,1.0582900047302246
2,90,25,0.5590048436811977,0.33207488622259,0.4143349553933495,0.3579229342674634,0.33939926588429925,0.5527424019483484,0.3334540001034287,0.4668375621159812,0.1945739016058197,0.5958418846130371,4.027790069580078,0.904350996017456,1.503875970840454,1.8163561820983887,0.29630088806152344,2.1209940910339355,0.041702985763549805,0.9175980091094971
3,88,51,0.77895278648636,0.3655086484901788,0.5945928123969667,0.4820567375886525,0.4199826363767906,0.8748014751406498,0.38950900999489313,0.3311313110920377,0.8825277925509601,0.5936388969421387,3.870185136795044,0.9367868900299072,1.421091079711914,1.726330041885376,0.3363220691680908,2.074451208114624,0.0392460823059082,1.026724100112915
4,45,19,0.46818251967693814,0.25827992891378104,0.3156345340684044,0.2760567925137141,0.26215474075270556,0.689516129032258,0.2593569928375249,0.3430778447184304,0.6360720562186701,0.635775089263916,4.280025959014893,0.9314491748809814,1.4009969234466553,1.9557209014892578,0.35178709030151367,2.5461437702178955,0.04198288917541504,1.1033358573913574
5,88,43,0.5643077255771207,0.25058226336219763,0.37039214533482273,0.3017441514375856,0.26862909004060187,0.7843254561770865,0.25530008957897876,0.39910736246063483,0.7647572310303635,0.5639359951019287,4.653700113296509,0.9854981899261475,1.4754788875579834,1.7226440906524658,0.28549790382385254,2.415315866470337,0.04153919219970703,1.079977035522461
6,70,76,0.492779956010328,0.26476957945101987,0.3454910826425521,0.29294455355793925,0.2743389574414505,0.6665325530358449,0.26779148829010324,0.37877925246949495,0.2778296600761753,0.5516891479492188,4.263615131378174,1.058237075805664,1.5889019966125488,1.9160897731781006,0.3546128273010254,2.136223077774048,0.04304003715515137,1.0291540622711182
7,44,53,0.5589416896235078,0.2811354742530592,0.3704940332653187,0.30652173913043473,0.28697434623268525,0.6945304827377804,0.2822535561214982,0.5216729277781561,0.25809237177251976,0.5029580593109131,4.300829887390137,1.0011670589447021,1.3776130676269531,1.9274940490722656,0.3682870864868164,2.225943088531494,0.04456806182861328,1.012253999710083
8,62,65,0.6442302682990362,0.3022939467012923,0.4398257396986749,0.35759960649286765,0.32209876543209875,0.8161412774385213,0.30893806403758195,0.34836787083600174,0.6941300282633467,0.6178781986236572,4.1952431201934814,0.9559729099273682,1.419006109237671,2.0479378700256348,0.34490108489990234,2.2451298236846924,0.04123687744140625,1.0800328254699707
9,9,21,0.24426086665102717,0.0962019558790084,0.16075083328460324,0.12850245449586878,0.11512350727956813,0.331848493285076,0.10720974746331324,0.13451778610506143,0.23280260058163876,0.5524191856384277,3.9681520462036133,0.9244768619537354,1.3227081298828125,1.8559889793395996,0.3477590084075928,2.143381118774414,0.03859901428222656,0.8816449642181396
10,92,11,0.9677011237627448,0.926610541727672,0.9458987783595113,0.9283831964036583,0.9291217257318952,0.9453295128939828,0.9310837350473129,0.8306959849860258,0.7881576161757272,0.5522780418395996,3.719309091567993,1.0303208827972412,1.5471820831298828,1.8574941158294678,0.3468749523162842,2.144547939300537,0.04209494590759277,1.0707597732543945
11,42,14,0.6698832684824904,0.42441134070158576,0.49898580121703856,0.4361448084821855,0.42596329393677335,0.8545854103017635,0.42441134070158576,0.5250185702870892,0.8390397165438839,0.7176408767700195,4.206773996353149,0.9749720096588135,1.5202679634094238,1.9155759811401367,0.36809706687927246,2.2116689682006836,0.04240703582763672,1.1323421001434326
12,62,11,0.9006965301297207,0.6632589452686698,0.801211771494518,0.7281801042475324,0.685495283018868,0.9515480640383666,0.669905270828273,0.513746393510475,0.7353074681223472,0.560420036315918,3.7392780780792236,0.938223123550415,1.3006908893585205,1.659883975982666,0.35233616828918457,2.0504720211029053,0.042526960372924805,1.0208098888397217
13,25,2,0.9138730192950307,0.8914684786711966,0.8766408350466551,0.8851985559566786,0.8934611048478015,0.8639199529134785,0.8914684786711966,0.2940511474353657,0.27144212482178975,0.6221270561218262,4.4146201610565186,1.0331199169158936,1.4168009757995605,1.7579631805419922,0.3581240177154541,2.344756841659546,0.04012894630432129,0.9903759956359863
14,53,90,0.9544214757393052,0.9397273772376418,0.9442405587782644,0.9366166399533732,0.9379746835443038,0.9234306737180962,0.9387921211134626,0.5707016542304276,0.6546896929281658,0.5569870471954346,3.8620760440826416,1.0022029876708984,1.4219470024108887,1.9817759990692139,0.3407449722290039,2.0468931198120117,0.044156789779663086,0.880695104598999
15,31,86,0.45566634945591455,0.1805188617956603,0.27000129808316387,0.2107565063006106,0.19004720862748498,0.6980196541115326,0.18255446316427737,0.36927097960549393,0.5587239980188147,0.5603837966918945,4.056879043579102,1.0566809177398682,1.5328569412231445,2.0205020904541016,0.35062503814697266,2.1096560955047607,0.03222799301147461,1.0436761379241943
16,30,58,0.367640311974308,0.15667046750285063,0.2384960353568179,0.19442363440930263,0.17516940317956736,0.4810380139992348,0.16621599609056847,0.26607142629360037,0.20725958186953053,0.5333929061889648,3.8762760162353516,1.0767648220062256,1.4584410190582275,1.743062973022461,0.34015703201293945,2.33693790435791,0.03962898254394531,0.9115180969238281
17,41,15,0.9810342796560254,0.9609535552815455,0.9524650998409614,0.9539748953974895,0.9594594594594595,0.9688314992684943,0.9609535552815455,0.8943588807823334,0.7069225668643718,0.6728320121765137,4.041538953781128,0.992501974105835,1.4090428352355957,1.8699359893798828,0.35147595405578613,2.2892379760742188,0.045542001724243164,1.0968601703643799
18,32,56,0.5118933387202667,0.2766026158566123,0.350369656059145,0.30349168773874213,0.2848377200064589,0.6955029799530432,0.27870176005167124,0.35071955228845947,0.337595945809739,0.5654690265655518,3.8811330795288086,0.907480001449585,1.387420892715454,1.7141501903533936,0.35425496101379395,2.100180149078369,0.03880810737609863,1.03212308883667
19,70,79,0.27754348419042824,0.10431267438539446,0.1667761860954133,0.13214050493962679,0.117024314173384,0.43803079959121827,0.11005909360514926,0.2113482112204475,0.3254462930378713,0.4893660545349121,4.094448089599609,0.9560091495513916,1.379042148590088,1.7426519393920898,0.28786802291870117,2.2153401374816895,0.04346108436584473,0.9570109844207764
20,12,48,0.9499465621660135,0.9648351648351648,0.9550249861188227,0.9542462146148781,0.9497974282191298,0.9261876717707106,0.9563958747964537,0.2592810326490233,0.6720230168523335,0.5999701023101807,4.025732040405273,0.959230899810791,1.4224178791046143,1.711838960647583,0.3402369022369385,2.1234018802642822,0.039823055267333984,1.1002249717712402
21,51,84,0.48780838461096093,0.24220397541167496,0.39301787592008414,0.3171251109139308,0.2772423685508091,0.4913144136270947,0.2579414931801866,0.28509242814677443,0.269156680763546,0.5349810123443604,3.8122220039367676,0.9008541107177734,1.2893121242523193,1.757370948791504,0.2793898582458496,2.0389130115509033,0.04031801223754883,0.8489389419555664
22,3,90,0.491617435733674,0.25496800269451,0.32572483531238194,0.27436458508668576,0.2600185216366392,0.6512757830404889,0.2561047490737622,0.3944909112343589,0.32036279883594404,0.6692979335784912,3.892426013946533,0.9437708854675293,1.4100909233093262,1.8051331043243408,0.3444199562072754,2.1445720195770264,0.038012027740478516,0.9860799312591553
23,85,67,0.39051026172095654,0.16140481972725573,0.25977704678362573,0.20759156630236228,0.18278166278166277,0.5086918315885994,0.17068616772988954,0.21593689483740022,0.2818174431909418,0.5294640064239502,3.744946002960205,0.8666911125183105,1.2912850379943848,1.631847858428955,0.33289003372192383,2.0252439975738525,0.03548598289489746,0.9080760478973389
24,14,20,0.3825206729398346,0.19355462144272118,0.24098946758140885,0.20283132821181812,0.19471420978885828,0.6235241792010352,0.19355462144272118,0.26784533072486205,0.42503094068665304,0.5147988796234131,4.206058979034424,0.9826390743255615,1.5019810199737549,1.8960471153259277,0.3020799160003662,2.1971139907836914,0.04103207588195801,1.0218958854675293
25,57,54,0.8034162421336529,0.5797120418848167,0.6524188609920392,0.6020725388601036,0.5828212838279513,0.909033758722575,0.5799738219895287,0.7475136080302911,0.7649018788669395,0.5797300338745117,4.111891031265259,1.0673539638519287,1.4423930644989014,1.8016068935394287,0.35800600051879883,2.305314064025879,0.03509998321533203,1.1039321422576904
26,51,82,0.8097419632718588,0.7460079840319361,0.8387146608991195,0.8142092746730082,0.7900534045393858,0.7896386123009032,0.7739459076414315,0.5449095834505832,0.5777007367164669,0.5730698108673096,3.908278226852417,1.0227680206298828,1.314601182937622,1.685021162033081,0.2962350845336914,1.9884240627288818,0.040872812271118164,0.925421953201294
27,82,90,0.8247601600539941,0.48197665829516917,0.6572024490345153,0.5606754436176302,0.5229465068693364,0.834774878669934,0.50357327046342,0.44870035102704753,0.4225302406345338,0.4766840934753418,3.8399569988250732,0.8561270236968994,1.2928831577301025,1.7968249320983887,0.2798631191253662,2.0681090354919434,0.03866410255432129,0.9762461185455322
28,71,2,0.512330895203573,0.29785763648928815,0.3468326720481598,0.3080954351123983,0.29959234436536997,0.7201299041433136,0.29799585348997926,0.20280251148510506,0.4537180865895244,0.5795631408691406,4.043118953704834,0.9747869968414307,1.45790696144104,1.812676191329956,0.3930690288543701,2.139461040496826,0.0376589298248291,1.0666990280151367
29,76,10,0.8703849175176748,0.6478130787861519,0.7522049051588741,0.6909483340078241,0.6615751121076233,0.9110750274607192,0.6517730496453902,0.8275787978587592,0.44794587523325585,0.5975558757781982,3.9337430000305176,0.9336040019989014,1.3246889114379883,1.744387149810791,0.354888916015625,2.309844970703125,0.04064512252807617,1.0026509761810303
30,60,82,0.4972650942410201,0.20478036175710596,0.3012767243333081,0.24540552855407047,0.22525739903499106,0.7434956066279952,0.21576227390180877,0.39664797715543526,0.9320780879027617,0.5471830368041992,4.001522064208984,0.9722211360931396,1.2837121486663818,1.7644479274749756,0.28691792488098145,2.1242260932922363,0.04078507423400879,0.9386038780212402
31,56,75,0.3700734802939211,0.20342280813214736,0.24074809402795422,0.2126747141041931,0.20568614993646758,0.606108582360314,0.20381988564167722,0.2802151355086762,0.4939209471404782,0.583859920501709,4.066861867904663,0.9602029323577881,1.4070498943328857,1.7885551452636719,0.34955787658691406,2.227839946746826,0.04133796691894531,1.0921869277954102
32,47,51,0.6068394606514116,0.23656988873435325,0.3887335874629394,0.3028717238993167,0.265372589890568,0.7802489586124576,0.24965235529289065,0.3336875289576824,0.7722216798881333,0.5081219673156738,3.856194019317627,0.9082498550415039,1.4589769840240479,1.7556610107421875,0.33710408210754395,2.198621988296509,0.039444923400878906,0.9414129257202148
33,18,80,0.9674180108962717,0.8989177489177489,0.9452744961779014,0.916292364230298,0.9019061897622617,0.9601897928480501,0.8973638720829732,0.8623323818690194,0.9027454635167104,0.6068828105926514,4.011742115020752,1.0227241516113281,1.4890358448028564,1.7904407978057861,0.3510169982910156,2.200047016143799,0.038340091705322266,0.9829092025756836
34,80,82,0.4447023176353028,0.16863236266221343,0.26675663517768783,0.2099847031010986,0.1882283368699343,0.695897593349236,0.17847823817973074,0.34629166873836414,0.9253481903852038,0.5360119342803955,3.8926501274108887,0.9179642200469971,1.3636910915374756,1.9112458229064941,0.3381228446960449,2.261482000350952,0.038819074630737305,1.092318058013916
35,1,81,0.8464771817453963,0.6750755287009064,0.7171731060085247,0.6853032774729348,0.6780171764351364,0.9238701679251662,0.6751736635457566,0.5886394110549555,0.7198039233745318,0.5056490898132324,3.965023994445801,0.9967620372772217,1.425117015838623,1.8621819019317627,0.29532408714294434,2.19399094581604,0.050515174865722656,1.027756929397583
36,20,48,0.7128150514731983,0.4253106547986251,0.5247793618465716,0.45410079482924276,0.43080710392122384,0.8054058468071207,0.4262930654683232,0.29621442240215307,0.3653644550518736,0.6159579753875732,3.8380558490753174,0.9163918495178223,1.4165349006652832,1.8916010856628418,0.3471560478210449,2.2261199951171875,0.040815114974975586,1.0648078918457031
37,17,75,0.2921720352708296,0.174079699139365,0.19349822810443335,0.17635785058219425,0.17415202140739133,0.5307069123219653,0.174079699139365,0.28922807290044455,1.0727280233057448,0.618527889251709,4.062848091125488,0.9127011299133301,1.3084619045257568,1.9163331985473633,0.3448190689086914,2.2075819969177246,0.04402017593383789,1.152601957321167
38,98,19,0.6960722975321516,0.39490176151761514,0.49918354016982364,0.43040523533853514,0.40358289673821196,0.828170634569431,0.39761178861788615,0.3521025867963145,0.4554249922836043,0.5372998714447021,3.972860097885132,0.9388771057128906,1.357706069946289,1.7547581195831299,0.35296201705932617,2.1512229442596436,0.03815197944641113,1.1711230278015137
39,55,94,0.663938223938224,0.4035833025489472,0.47194218931215987,0.41781450872359965,0.40660455677520524,0.863512926352379,0.4038408272551011,0.533164741856806,1.0323606389242548,0.5616321563720703,4.0547521114349365,0.9296391010284424,1.5189120769500732,1.765139102935791,0.3438608646392822,2.2782440185546875,0.03774285316467285,1.1418240070343018
40,71,49,0.4041480046806279,0.19926670511658565,0.2552297809257124,0.21656916865782316,0.20309796490071683,0.6170313504007575,0.1998022575595287,0.2893688897291779,0.3191372031823353,0.6057798862457275,3.9519541263580322,1.0740621089935303,1.4474830627441406,1.7918939590454102,0.35234689712524414,2.212898015975952,0.03900408744812012,0.9618730545043945
41,45,33,0.711709334037125,0.48476484875248393,0.5500583926106806,0.49934094903339193,0.48520644733936846,0.8560100405043072,0.48476484875248393,0.5665130086413779,0.618840401068921,0.5999979972839355,4.10096001625061,1.039531946182251,1.3685150146484375,1.8434860706329346,0.36948704719543457,2.3960659503936768,0.038804054260253906,0.9774808883666992
42,19,70,0.7085665088247955,0.4820345732645488,0.5643107426715666,0.5118677215752511,0.4910481331533963,0.8537301547802717,0.48445408532176426,0.5701034013706313,0.9429570688494697,0.5387909412384033,4.063007116317749,0.9947249889373779,1.3011469841003418,1.6979520320892334,0.29508399963378906,2.2378270626068115,0.040949106216430664,1.0411930084228516
43,21,83,0.332907952262791,0.12998243015123853,0.23272693578775056,0.18299079602810675,0.1606408094435076,0.41745204568133937,0.14762537929153455,0.1696559127898449,0.2769757858779557,0.5088009834289551,3.84798002243042,0.9309070110321045,1.283348798751831,1.621427059173584,0.32628703117370605,2.1240389347076416,0.038765907287597656,1.0437510013580322
44,84,79,0.46010293873484975,0.18594603752806133,0.3214658810747566,0.2501057977147694,0.2157377604607826,0.48261989624872076,0.1990258365099534,0.28928085567720385,0.21889374627053929,0.5442600250244141,4.085900783538818,0.9361128807067871,1.3510260581970215,1.7668578624725342,0.33718109130859375,2.1412341594696045,0.04942917823791504,0.8718879222869873
45,33,32,0.43014832700931355,0.22242424242424244,0.276675251224562,0.2397979797979798,0.22737373737373737,0.6937433555144309,0.22388888888888892,0.3008745767428185,0.734024605165319,0.5434579849243164,4.229269981384277,0.9584980010986328,1.6217811107635498,1.7639119625091553,0.35521507263183594,2.261370897293091,0.04081606864929199,1.07509183883667
46,48,5,0.5947874463324666,0.32723524864725584,0.4024226110363392,0.34988088339450135,0.3320664777119299,0.7988407041648776,0.3280082452976037,0.2858670606708999,0.9883226665417045,0.592418909072876,4.011576890945435,0.9504108428955078,1.373948097229004,1.7672460079193115,0.34731197357177734,2.142073154449463,0.04198598861694336,1.1427111625671387
47,20,51,0.37498474381819513,0.14708238155982084,0.23663924523960192,0.18627133130949924,0.1649139437746245,0.49596223552221197,0.15562540774568534,0.2487920009684979,0.32390118523841027,0.48128604888916016,4.037585020065308,1.0433530807495117,1.3692238330841064,1.8445498943328857,0.34779906272888184,2.089294910430908,0.04349493980407715,0.9423580169677734
48,23,100,0.8732313575525812,0.7072755417956655,0.7647137150466046,0.7171267438409025,0.7072120559741657,0.9401748212055853,0.7067738942158986,0.834155579599639,0.782615523723726,0.595318078994751,4.01313591003418,1.020456075668335,1.3607399463653564,1.8529798984527588,0.34473395347595215,2.2173008918762207,0.03956890106201172,1.0088109970092773
49,15,40,0.8464089444760281,0.6480942682572011,0.7195781147000659,0.6643356643356644,0.6480487451037283,0.9011953478354512,0.6480942682572011,0.7772549340102218,0.38808906699632756,0.59517502784729,3.992682933807373,0.9099299907684326,1.3015480041503906,1.961120843887329,0.29742002487182617,2.145297050476074,0.041893959045410156,1.0955991744995117
50,36,92,0.36149030072872834,0.16289198606271776,0.21515636971512156,0.17681694655424707,0.16696864111498258,0.5765998523649991,0.16390243902439022,0.23100406485237837,0.4057493260654354,0.4974188804626465,4.001090049743652,0.9198520183563232,1.3370909690856934,1.7682139873504639,0.28928494453430176,2.4632041454315186,0.03891396522521973,0.969761848449707
51,59,71,0.27436107135555104,0.1228135062222609,0.18224703540206005,0.14986636535494666,0.13475547437319244,0.38398826294993416,0.12773778193444552,0.21533869243791703,0.240041124615481,0.5629189014434814,3.974600076675415,0.9528789520263672,1.3620550632476807,1.6415448188781738,0.34221792221069336,2.0354719161987305,0.03615713119506836,0.9995570182800293
52,7,80,0.8650578179989944,0.6957250628667225,0.7610936158030346,0.7138052530429212,0.700083263946711,0.932192463224521,0.6957250628667225,0.7679935020701177,1.0017118030825591,0.6057939529418945,3.9455161094665527,1.0460901260375977,1.4491689205169678,1.845607042312622,0.3785669803619385,2.2478320598602295,0.043212890625,1.1373529434204102
53,92,71,0.3011804951910944,0.14161645308212398,0.18539786710418377,0.1547709977651419,0.14523748903787942,0.49521531100478466,0.1424368440408498,0.1784575819395641,0.3727473828007705,0.5133790969848633,3.9861059188842773,0.9312560558319092,1.3413689136505127,1.8095641136169434,0.3305981159210205,2.2285521030426025,0.04328203201293945,0.9662518501281738
54,36,30,0.3213471123250641,0.1293589292004227,0.20159423262901854,0.16287056061050775,0.14593912354339722,0.4687857567852076,0.13795937536691322,0.21974601907508282,0.23866555894097824,0.5672211647033691,3.770453929901123,1.0144550800323486,1.4534239768981934,1.797105073928833,0.4124488830566406,2.0394320487976074,0.0416569709777832,0.9575049877166748
55,1,88,0.39075335397316824,0.17654268808114962,0.24104880932274952,0.20139475908706675,0.186094674556213,0.6224188790560472,0.17916314454775992,0.29922191491493355,0.4138354582486355,0.56050705909729,3.837603807449341,0.9567420482635498,1.5586659908294678,1.8757848739624023,0.3473999500274658,2.2683310508728027,0.03908896446228027,1.000946044921875
56,26,45,0.55955642530985,0.3354729491429781,0.3856720202874049,0.3447838047541793,0.33561402271284474,0.7662591920542451,0.3354729491429781,0.3471371995153757,0.5460665263468896,0.5935239791870117,4.05442214012146,1.049314022064209,1.4342701435089111,1.9461710453033447,0.34507298469543457,2.2488040924072266,0.04146385192871094,1.1864819526672363
57,73,14,0.4031929347826087,0.220317209348288,0.26600790513833994,0.22916151983793667,0.22165126735510648,0.6320143445128164,0.220317209348288,0.3097582085606911,0.4312158857742512,0.5705568790435791,4.20038104057312,0.9819450378417969,1.416029930114746,1.9266250133514404,0.352618932723999,2.24180006980896,0.0414581298828125,1.044494867324829
58,17,27,0.7132254836557704,0.4935890964159515,0.5645554796525812,0.5156735102653981,0.4993952832090304,0.8527497194163861,0.49540728777631976,0.6459087640673902,0.9362809911186721,0.602139949798584,4.184473991394043,1.0011498928070068,1.436357021331787,1.924971103668213,0.34752988815307617,2.2762439250946045,0.04276919364929199,1.1118578910827637
59,98,53,0.9414143152099105,0.8104502501389662,0.898978433598184,0.8487223168654174,0.8195529711066691,0.9200566597317515,0.8114980652294086,0.3994419919810239,0.6153388747456715,0.5347690582275391,4.646631956100464,0.929412841796875,1.5183300971984863,1.6852221488952637,0.34594297409057617,2.20215106010437,0.04017806053161621,1.0413739681243896
60,45,36,0.6662833486660533,0.4099972434071487,0.4900959039168235,0.42828338374117864,0.41155931268951573,0.82864707439767,0.4101810162638978,0.439982979246122,0.49340291965881694,0.5798001289367676,3.993311882019043,0.9394769668579102,1.4792799949645996,1.8250808715820312,0.41075706481933594,2.2503340244293213,0.0371098518371582,0.9914031028747559
61,87,3,0.864160537546536,0.7724852071005917,0.8157962771458118,0.7833190025795357,0.7736043599941081,0.8968685440904642,0.7726197516262566,0.8393321221092187,0.3492903797838703,0.591749906539917,4.051517963409424,0.9981749057769775,1.4662909507751465,1.9096629619598389,0.2949669361114502,2.352663993835449,0.03916788101196289,1.0326170921325684
62,53,1,0.5346578366445915,0.2572455230914232,0.3386262055986827,0.2813972667295005,0.26337181903864276,0.712700131487354,0.2583058435438266,0.48710837938539603,0.32114776044328663,0.5898079872131348,3.8084869384765625,0.9410052299499512,1.397799015045166,1.6374177932739258,0.34980010986328125,2.145164966583252,0.042294979095458984,0.986422061920166
63,89,95,0.22500783921398815,0.06885329357648043,0.13117795605641544,0.09893923753248139,0.0842677417613074,0.33759077781939895,0.07758262033536531,0.14330091131926762,0.3445840685495542,0.529879093170166,3.7319910526275635,0.8767821788787842,1.277527093887329,1.6948020458221436,0.33689093589782715,1.9877090454101562,0.03617501258850098,0.8766272068023682
64,25,21,0.2810303121929095,0.10225542248014158,0.17496624413050924,0.13827352243930352,0.12245526186176327,0.41972668649136285,0.1136059877038225,0.12114074625786123,0.339891951404116,0.5349290370941162,3.9266769886016846,0.9881749153137207,1.4642789363861084,1.6336438655853271,0.33048105239868164,2.052323818206787,0.03932690620422363,0.8567788600921631
65,93,84,0.7973970900051182,0.5223499361430395,0.6633506879880997,0.5862971218141292,0.5486274509803921,0.872739244951712,0.5306944308024752,0.6830801292290567,0.6286426221695816,0.5694949626922607,3.8595738410949707,0.9277510643005371,1.4247701168060303,1.709549903869629,0.3462240695953369,2.102398157119751,0.03810405731201172,1.0653212070465088
66,87,22,0.40353690383470014,0.21896559707366764,0.2583692179469371,0.22646663888503032,0.21993795434551094,0.6623129801860089,0.21915080798259018,0.26043815812615456,0.5146881879637639,0.5661029815673828,3.821272134780884,1.018867015838623,1.3230929374694824,1.6954538822174072,0.34146785736083984,2.129556179046631,0.04246807098388672,1.0703260898590088
67,94,13,0.8080264791063302,0.5104823936495013,0.6380631041400693,0.5539095457667026,0.5245290621537222,0.8854480227619479,0.5138564612729672,0.7228524611121936,0.4312437657622208,0.5185179710388184,3.8181538581848145,0.936352014541626,1.3789091110229492,1.8191988468170166,0.3506920337677002,2.279144048690796,0.04298996925354004,1.0642778873443604
68,25,55,0.5432677288347392,0.3338139870223504,0.3860370950888192,0.34600262123197906,0.3359769286229271,0.7350012263919549,0.3338139870223504,0.5173387657830051,0.3928417931370207,0.49477195739746094,3.9784350395202637,1.000351905822754,1.3791630268096924,1.7917759418487549,0.3449840545654297,2.2445859909057617,0.04138302803039551,0.9929649829864502
69,5,81,0.8194593539572558,0.6049236440231701,0.6690052618391381,0.6183474300585556,0.6074619022595901,0.9131232091690543,0.6051869404949973,0.5880847805497441,0.9049813159442371,0.5691511631011963,4.292748928070068,0.9609417915344238,1.431839942932129,1.8428781032562256,0.3532450199127197,2.2505691051483154,0.038290977478027344,1.0180740356445312
70,37,72,0.37993387063442857,0.18121951219512195,0.24193435997491464,0.20236933797909407,0.1881184668989547,0.6235772595605232,0.18313588850174214,0.30207710728623155,1.0299321516603397,0.5670390129089355,3.857893228530884,1.0745160579681396,1.3739511966705322,1.7920238971710205,0.34064507484436035,2.319356918334961,0.04004096984863281,1.1214179992675781
71,54,72,0.7448591603941958,0.4873131392604249,0.5848968105065666,0.5143636186580972,0.49149877149877147,0.882957731851698,0.4877065302911094,0.6836102443981322,1.00570461202406,0.5069141387939453,3.971066951751709,1.1194698810577393,1.4129040241241455,1.8144171237945557,0.3445858955383301,2.175544023513794,0.03912091255187988,1.2082419395446777
72,58,25,0.9414643327686806,0.9185407296351825,0.9271736091696953,0.9205087440381557,0.919973544973545,0.9029748764848102,0.9178036605657238,0.8163234603455589,0.3470142812790009,0.5524568557739258,4.199450969696045,1.031458854675293,1.4460790157318115,2.0138659477233887,0.2964818477630615,2.0972630977630615,0.041036128997802734,1.106598138809204
73,65,53,0.8535438092960217,0.6898184688239938,0.7856610337972167,0.7228950403690888,0.6990499540300338,0.7392541986905778,0.6928616155291171,0.5380214696646363,0.22194793028727858,0.5259377956390381,4.142668962478638,1.0286381244659424,1.4729928970336914,1.7231190204620361,0.4584670066833496,2.1184170246124268,0.03932595252990723,0.8956429958343506
74,95,40,0.9330732909053583,0.8766271614532737,0.9058431248015243,0.8877457284585707,0.872716785233609,0.9054491430996975,0.8750969743987588,0.6988661117406484,0.4178259860852326,0.5742309093475342,3.9304161071777344,0.9956169128417969,1.3433969020843506,1.9231109619140625,0.35471510887145996,2.3090028762817383,0.03846287727355957,0.965177059173584
75,70,14,0.7514364226829877,0.5016184608958965,0.5952780796206658,0.5282921810699588,0.5083298625572679,0.8675962074735082,0.5029752583777013,0.5967939150937734,0.8606931288660649,0.5802278518676758,4.0847837924957275,0.9911470413208008,1.3539299964904785,1.7286739349365234,0.33655714988708496,2.2881810665130615,0.0444028377532959,1.1367850303649902
76,50,56,0.7403765102556898,0.5090294457788452,0.5946127946127947,0.5406997187060478,0.5188310534730858,0.8549672308925457,0.5108976069744684,0.5288265467958826,0.7044840179255442,0.8615548610687256,3.941524028778076,1.094269037246704,1.3648312091827393,1.732227087020874,0.6639900207519531,2.2494139671325684,0.04469609260559082,1.1772329807281494
77,32,46,0.7116495696262234,0.364873417721519,0.5418472575100881,0.43924295094631133,0.3929717461062847,0.7711842277059668,0.37321892466346535,0.5708923666014891,0.31114856209256475,0.5530490875244141,4.0570900440216064,0.9047770500183105,1.3045001029968262,1.8980109691619873,0.33446502685546875,2.107389211654663,0.04010891914367676,0.9296269416809082
78,39,10,0.34944453656110097,0.14449071108263933,0.23232259289738555,0.1819055244195356,0.16101857783472134,0.41402465089769164,0.1513132607303011,0.2900998219161404,0.18856203417346298,0.5767428874969482,4.4555418491363525,0.9817099571228027,1.3106389045715332,1.674170970916748,0.3257410526275635,2.1081368923187256,0.03582191467285156,0.9444169998168945
79,65,21,0.32545338918006184,0.11145758375309826,0.2063043752364141,0.15894695686172292,0.13836577517539694,0.46096525431071833,0.12671460030245948,0.1691160660415355,0.30847225418774005,0.46349596977233887,3.8200900554656982,1.0028600692749023,1.3984761238098145,1.7087860107421875,0.2740669250488281,2.2546839714050293,0.1000831127166748,0.9837679862976074
80,27,100,0.9600124313684864,0.9776197448232586,0.9764474975466142,0.9892557140066418,0.9785831960461285,0.9610065086006507,0.979954061390687,0.9515531687622335,0.9979555893317027,0.5935800075531006,4.324652910232544,0.9726080894470215,1.3652260303497314,1.7495958805084229,0.35328006744384766,2.1364810466766357,0.03680896759033203,1.0999579429626465
81,75,42,0.34432122370936896,0.18114823674666253,0.2131723126784474,0.18446639401188364,0.18114823674666253,0.6119760479041916,0.18114823674666253,0.2780387435893799,0.6582872233519025,0.4888780117034912,3.847348928451538,0.9336509704589844,1.422886848449707,1.7240450382232666,0.3298060894012451,2.0898728370666504,0.045228004455566406,1.0420401096343994
82,77,82,0.6099337924432982,0.2707906450929132,0.4369668883068037,0.3546052171480523,0.31495979686838765,0.7605597394316439,0.2938808657886374,0.22966570735094388,0.7710325896922026,0.5307559967041016,3.866466999053955,1.0410771369934082,1.36273193359375,1.7677600383758545,0.3413431644439697,2.123098134994507,0.03804802894592285,0.9647300243377686
83,37,19,0.5529754006328468,0.27228809837505485,0.3669624870692002,0.3101879761056612,0.2860278783887608,0.7709493193491612,0.27629556433904257,0.43896751789453026,0.7838140879102171,0.5738141536712646,4.074363946914673,0.9389111995697021,1.384584903717041,1.8272089958190918,0.2947108745574951,2.156740188598633,0.036440134048461914,1.0314538478851318
84,3,54,0.8467946396233249,0.6551486784140969,0.7359571097843305,0.6771569542605681,0.6558654634946678,0.9227790560637522,0.6548830811554334,0.6824303211384347,0.7136162547050992,0.5873301029205322,4.069800853729248,1.0009660720825195,1.4807798862457275,1.896543025970459,0.3652617931365967,2.3851819038391113,0.040791988372802734,1.1006357669830322
85,36,47,0.480333268746367,0.23622961579239662,0.30692819685357,0.2546060269547221,0.24031907911344474,0.6758134490238612,0.23693643661331854,0.40751498929876195,0.3306998088015915,0.6017038822174072,3.959035873413086,0.9860858917236328,1.4676599502563477,1.7635629177093506,0.357450008392334,2.2246270179748535,0.040615081787109375,1.038470983505249
86,26,78,0.18392395261865932,0.08262768817204301,0.11261314211825554,0.09400201612903226,0.08692876344086022,0.3127601168865669,0.08410618279569894,0.13299755659818338,0.23449937024004391,0.538322925567627,4.466478109359741,0.997891902923584,1.448570966720581,1.808276891708374,0.3390688896179199,2.3227100372314453,0.03771686553955078,0.9052309989929199
87,13,15,0.8725999175937371,0.6892125757138736,0.7930180737806387,0.7321775312066575,0.7066322876378742,0.8816931982633864,0.6948688382819256,0.7606580961900793,0.38876307742404365,0.578394889831543,4.080106019973755,1.1227989196777344,1.4151508808135986,2.018885850906372,0.3526780605316162,2.15814208984375,0.042027950286865234,1.080786943435669
88,14,77,0.7185584092792046,0.33564556962025316,0.5130212179392508,0.41514176553388293,0.3735725113693784,0.8529092053321128,0.3544355042760994,0.3403916170180021,0.8651629805703775,0.5687921047210693,3.960515022277832,1.0015361309051514,1.3029899597167969,1.7844460010528564,0.35301899909973145,2.250547170639038,0.04208779335021973,1.2523431777954102
89,57,94,0.9338926174496643,0.9679389312977098,0.9677241885200806,0.9756819623599069,0.9728260869565217,0.9712705098384359,0.9688113413304252,0.9104830033833642,0.9190907787340824,0.5999650955200195,4.44928503036499,0.929049015045166,1.5346331596374512,1.751404047012329,0.3562510013580322,2.359576940536499,0.043166160583496094,1.071897029876709
90,12,25,0.5872013346839063,0.35799840298110197,0.43581213307240707,0.3839575737487571,0.3637512470901231,0.7689655172413793,0.35839765770561616,0.28541422298781327,0.41874148135441575,0.5999119281768799,4.203962087631226,0.9944500923156738,1.3902430534362793,1.7773010730743408,0.36413002014160156,2.1829440593719482,0.043087005615234375,1.0541081428527832
91,34,72,0.8925326370757181,0.8284888662247152,0.8402023508406486,0.8326983601126388,0.8302495331862163,0.9247943595769683,0.8288288288288287,0.7449428495060124,1.020805811130971,0.5622639656066895,4.353241920471191,1.1177501678466797,1.4581210613250732,1.8069250583648682,0.36713719367980957,2.540602922439575,0.039067983627319336,1.225383996963501
92,99,86,0.8733223018937304,0.7189042841216754,0.781051797040169,0.7285115303983228,0.7190782254271829,0.8876246966837422,0.7184419713831479,0.7266806643292589,0.38631096707820617,0.633620023727417,4.207871198654175,1.065436840057373,1.3711118698120117,1.873629093170166,0.3277299404144287,2.2117388248443604,0.04130196571350098,1.039384126663208
93,46,26,0.20867539383181716,0.08953191171806496,0.1271404588696139,0.10380403350683756,0.09537135501203335,0.366650640475291,0.09139754855319863,0.12788569715609635,0.2739368392505882,0.5712430477142334,4.315053939819336,1.0172109603881836,1.3863439559936523,1.7492809295654297,0.3665158748626709,2.052358865737915,0.037611961364746094,1.0957660675048828
94,34,14,0.8521422888964655,0.7111226431413251,0.757707879165369,0.7214782166468893,0.7118468701500259,0.923050638966719,0.7111226431413251,0.661084045712146,0.988685174093079,0.6299839019775391,4.255921840667725,1.1191630363464355,1.5252301692962646,1.8770630359649658,0.3636949062347412,2.2094390392303467,0.04298710823059082,1.1027450561523438
95,51,15,0.3479135825314582,0.12925957088767354,0.2070561612836865,0.1628982931228272,0.14489024262157335,0.5096514075712705,0.13683435840824262,0.23712750688576023,0.39342536213368046,0.5397229194641113,3.8230278491973877,1.0423030853271484,1.3696978092193604,1.781459093093872,0.34508490562438965,2.183379888534546,0.0392148494720459,0.9443337917327881
96,95,54,0.9645879732739421,0.9752772643253234,0.9784198323524166,0.9784510347770429,0.9708627361711814,0.9558823529411765,0.9743885556068297,0.8108690331235825,0.9120109059005311,0.602715015411377,4.036491870880127,0.981673002243042,1.4418070316314697,1.8958909511566162,0.35650205612182617,2.2087488174438477,0.04098391532897949,1.2339189052581787
97,59,72,0.30735431183702455,0.13937142045723483,0.20401495028325614,0.1679582289845485,0.1520675225193276,0.4362211580322159,0.14470913865297722,0.2600552357364573,0.2680016280855759,0.5467069149017334,3.969818115234375,0.9546489715576172,1.3792109489440918,1.6974520683288574,0.33917784690856934,2.165634870529175,0.036952972412109375,0.9943389892578125
98,6,69,0.38437362499214284,0.1825471876536672,0.2744217381540534,0.21823956442831216,0.1967318530846919,0.43128654970760233,0.18833453114952528,0.34758697834388397,0.18989355350393433,0.5788860321044922,4.065654993057251,1.0801479816436768,1.5099270343780518,1.790679931640625,0.35097599029541016,2.459944009780884,0.04350686073303223,0.8089070320129395
99,65,42,0.4923558201725617,0.24209129511677285,0.31299004026276755,0.25971337579617837,0.24729299363057325,0.7057762411214251,0.24410828025477707,0.2902250017849676,0.3157885943319294,0.5733180046081543,3.9243850708007812,1.0423541069030762,1.3475091457366943,1.7505640983581543,0.360522985458374,2.0635180473327637,0.03855180740356445,0.9871809482574463
100,90,36,0.45917818740399385,0.23158195316961735,0.2977037187563503,0.2494392104082548,0.23676266623154116,0.5686396117028448,0.23276495064045036,0.3659799445027183,0.2171070528919118,0.5848550796508789,4.257444858551025,0.9463670253753662,1.521407127380371,1.7759819030761719,0.34406518936157227,2.2134969234466553,0.04280686378479004,0.9258160591125488
101,20,91,0.7814985983786651,0.4627137508853587,0.6015110422316932,0.5118916206723532,0.47710965133906014,0.8618566746390292,0.46676110492765355,0.6433071206280191,0.45368105946404746,0.6040430068969727,3.981016159057617,0.9659929275512695,1.4037368297576904,1.7853069305419922,0.3508870601654053,2.1546969413757324,0.04086494445800781,1.0843701362609863
102,34,92,0.27371522276883736,0.1292513188910091,0.16465570458499354,0.1390728476821192,0.13211359299584688,0.4519865964576353,0.13000897968346614,0.18253850392871004,0.2993436689039463,0.5998659133911133,4.145069122314453,0.9654490947723389,1.3860130310058594,1.7907230854034424,0.3466470241546631,2.4649829864501953,0.03730416297912598,1.0368759632110596
103,87,44,0.9345725687880697,0.9549132947976878,0.9484702093397746,0.9558031569173632,0.9538137217324644,0.9463170300530348,0.955684007707129,0.9206948918322374,0.7757919712335182,0.6007599830627441,4.163603067398071,1.0621941089630127,1.4291419982910156,1.8950920104980469,0.35756492614746094,2.224946975708008,0.04139304161071777,1.0994880199432373
104,12,16,0.6239693192713327,0.3487000218483723,0.43912918934402745,0.37369262056943636,0.3536691904484566,0.8083822081424719,0.3491369892942976,0.31840686284020614,0.4710369019452157,0.567471981048584,4.605897903442383,1.0190730094909668,1.4624159336090088,1.739995002746582,0.3653388023376465,2.1262450218200684,0.0435328483581543,1.1194019317626953
105,14,24,0.39755814989751354,0.2041896660935662,0.2556530390738061,0.21640575513528187,0.2069043525472808,0.6323251781930264,0.20428015564202337,0.26678975171730357,0.6066850143789075,0.5089449882507324,4.173094987869263,1.1718559265136719,1.3695580959320068,1.898036003112793,0.31005311012268066,2.236454963684082,0.043096065521240234,1.1759438514709473
106,82,43,0.5456019304000302,0.2161903174735439,0.3366832092638544,0.26992512479201336,0.24139798383737401,0.7936029430549524,0.22868927589367555,0.4182623022158393,0.6514324601873488,0.483414888381958,3.8915419578552246,0.9129729270935059,1.2897059917449951,1.6974139213562012,0.3335909843444824,2.0602710247039795,0.21927499771118164,1.0019900798797607
107,85,43,0.4051500185560536,0.13961578238114639,0.24620437503873088,0.18978558479714946,0.16245928338762217,0.5852240312458857,0.14937018236510624,0.26673521725104576,0.39349418469637926,0.5554471015930176,3.909649133682251,0.9412200450897217,1.220961093902588,1.800766944885254,0.33043503761291504,1.9803249835968018,0.04076695442199707,1.0358660221099854
108,34,39,0.22754455327518727,0.09465080791822571,0.14210526315789473,0.11486853655477991,0.10449196296064046,0.34680169121658483,0.09906143523066953,0.19564751711221579,0.23923816415019722,0.6244039535522461,4.02921199798584,0.9004859924316406,1.4136648178100586,1.6359429359436035,0.3403129577636719,1.9743471145629883,0.042260169982910156,0.9447050094604492
109,17,100,0.7382881296231067,0.5240866472680246,0.5854900737969027,0.5378196212688564,0.5250188313784568,0.868562962962963,0.5240301724137931,0.623089788498496,0.9284374223434748,0.5719079971313477,4.107546091079712,0.9917969703674316,1.4918549060821533,1.8905329704284668,0.37943291664123535,2.158769130706787,0.03806281089782715,0.9999861717224121
110,54,47,0.6605451382176686,0.35191297824456114,0.46901481099403136,0.38781163434903043,0.358985898589859,0.8101568397215466,0.3529632408102025,0.5898271775650462,0.4886012339599215,0.5367751121520996,4.09617018699646,0.9413790702819824,1.3947339057922363,1.7893610000610352,0.34633302688598633,2.271214008331299,0.038172006607055664,1.0926461219787598
111,13,98,0.7979556617549449,0.49609609609609606,0.6270336821739513,0.5410351730054332,0.507286333202048,0.88182109137462,0.5000998203234178,0.30211549972237234,0.9990714656790357,0.561352014541626,4.283797979354858,0.9472301006317139,1.3627610206604004,1.8815829753875732,0.35346102714538574,2.0661799907684326,0.04426407814025879,0.9492638111114502
112,45,79,0.22866323907455016,0.07936478070257963,0.12974475517908457,0.10146917737353975,0.08916442454232441,0.40553218482905984,0.08403108359832163,0.17421357151312172,0.42356853998328303,0.5415980815887451,3.8242099285125732,0.9541351795196533,1.3185009956359863,1.7050700187683105,0.39702296257019043,2.065701961517334,0.09404110908508301,1.3570609092712402
113,91,100,0.6802262759804234,0.3707328174783796,0.4900081114962023,0.41386602220376106,0.3823172581134365,0.7548128026455652,0.373767258382643,0.53368285384554,0.25197187786044895,0.5516359806060791,4.120728015899658,0.9859259128570557,1.3689439296722412,1.7336719036102295,0.2909121513366699,2.0759918689727783,0.03960704803466797,1.020078182220459
114,35,89,0.29900069449803224,0.08836065174504981,0.1747960067465925,0.12987197724039828,0.11000745568676495,0.4402017722428452,0.1001548661859362,0.16159696032546306,0.4103599974864721,0.5356287956237793,3.8916749954223633,0.9524400234222412,1.3539259433746338,1.625504970550537,0.33445096015930176,2.191739082336426,0.040843963623046875,0.8065719604492188
115,4,85,0.40751269035532994,0.15994089943669773,0.2744019713907922,0.21308668399327318,0.18598291648743315,0.507089381981647,0.17105587004676348,0.21042112326829604,0.2563866069797761,0.5567259788513184,3.7498550415039062,0.943134069442749,1.3025970458984375,1.760819911956787,0.33574485778808594,2.0226027965545654,0.045005083084106445,0.886430025100708
116,50,25,0.8560451238453363,0.7761872909698997,0.8144894466628637,0.7899618805590851,0.7787610619469026,0.8466283870355431,0.7757907380221541,0.6396821206005597,0.3004914404339037,0.5732231140136719,3.922869920730591,0.9790680408477783,1.4859459400177002,1.8898730278015137,0.38156795501708984,2.1872498989105225,0.04050612449645996,1.21248197555542
117,24,77,0.9019703472493172,0.8952047076499311,0.9202699325168708,0.9179663131628197,0.9200463499420626,0.916590178981184,0.9174792784007801,0.3138734488095924,0.9626588854135374,0.5783441066741943,3.792495012283325,1.0313150882720947,1.3641979694366455,1.6877081394195557,0.2910120487213135,2.0005078315734863,0.041364192962646484,1.265496015548706
118,21,23,0.24271713644721085,0.09752434695549285,0.16952203468795662,0.13373873673931377,0.11846987653765716,0.3044029868780358,0.10961973743775463,0.13163460348303826,0.2209916068679128,0.5623960494995117,3.852510929107666,0.8328020572662354,1.2734270095825195,1.659364938735962,0.3279998302459717,2.007982015609741,0.03919696807861328,0.833838939666748
119,66,16,0.7489645651173493,0.47365702479338845,0.5704921240583113,0.4976972674240098,0.47811725846407926,0.786776789852935,0.47365702479338845,0.6466587212755893,0.23233809586131007,0.624100923538208,4.260948896408081,0.9888529777526855,1.283560037612915,1.819796085357666,0.33222413063049316,2.12469220161438,0.04167509078979492,1.0234692096710205
120,55,48,0.3263862660944206,0.1718119416370598,0.2107041864956204,0.18231987031352392,0.17415749715428927,0.5577054687986064,0.17222586319892383,0.1824096115559113,0.7276284623621054,0.5674550533294678,4.112908124923706,0.9017510414123535,1.4375150203704834,1.884963035583496,0.35725998878479004,2.371523857116699,0.038871049880981445,1.3356950283050537
121,48,22,0.2781399023674483,0.1381787330316742,0.17191742081447964,0.14720022624434387,0.1400735294117647,0.5123559793404847,0.13851809954751132,0.145619315056725,0.9615633599514741,0.4875450134277344,3.847320079803467,0.952103853225708,1.3821370601654053,1.6782851219177246,0.3343539237976074,2.222898006439209,0.039784908294677734,1.2623159885406494
122,6,3,0.6604752594375093,0.4159204871060172,0.5040841153979839,0.4383841978823739,0.4196204797708557,0.7739237392373923,0.4160100286532951,0.5937533673460209,0.2554997111502189,0.5738439559936523,3.9366109371185303,0.9620480537414551,1.4160089492797852,1.8193330764770508,0.3221430778503418,2.042747974395752,0.04057908058166504,1.0739450454711914
123,5,52,0.2707610004959966,0.09979165324226216,0.16583971413986728,0.1295208720635457,0.11524527980224182,0.3833895481421802,0.10806648270551242,0.1349985860926672,0.3153079259832798,0.5987050533294678,3.9205141067504883,1.0426020622253418,1.3137598037719727,1.7918460369110107,0.33314013481140137,2.153830051422119,0.04505610466003418,0.916161060333252
124,93,20,0.9320709347760746,0.8819168173598553,0.8975391498881432,0.888246300391223,0.8854500177872643,0.9499532015636184,0.8841991341991342,0.936514975789905,0.7213402891805984,0.6510379314422607,3.8492939472198486,1.0049281120300293,1.2930471897125244,1.7964370250701904,0.2934579849243164,2.2353360652923584,0.04040884971618652,1.0151989459991455
125,18,74,0.9041650745128009,0.7746603662138215,0.8324947846361517,0.7940101237345331,0.7799503866919597,0.8362823178626074,0.7767119244391971,0.5198698354270384,0.29843052816866367,0.4979839324951172,3.9200079441070557,1.1138510704040527,1.5423250198364258,1.830617904663086,0.34978199005126953,2.1499650478363037,0.04082489013671875,1.1402380466461182
126,16,71,0.6165755919854281,0.3502021368755414,0.42565266742338254,0.3680350851966353,0.3527629490693983,0.7936258396455623,0.35034652035807107,0.4222546522855419,0.3890958412454386,0.5890638828277588,3.8811659812927246,0.9780189990997314,1.3635518550872803,1.8514699935913086,0.36999011039733887,2.1116390228271484,0.039746999740600586,1.3708410263061523
127,31,12,0.8993700909868575,0.6897684839432412,0.8184022305734029,0.7505211952744962,0.7084484513596045,0.9119712035354076,0.693438242280285,0.3441450040732434,0.711277700004673,0.5650570392608643,3.9812960624694824,0.978748083114624,1.3437459468841553,1.7142529487609863,0.3462038040161133,2.161756992340088,0.04127311706542969,1.0442099571228027
128,43,86,0.6908505540581013,0.3838840686726971,0.5062672237532225,0.427026035936927,0.3937828613596531,0.8125709421112373,0.3854532028798228,0.5649308757592743,0.3439438720543918,0.4990241527557373,3.920849084854126,1.0934488773345947,1.3800499439239502,1.795989990234375,0.34781789779663086,2.3014650344848633,0.03960704803466797,1.065364122390747
129,6,14,0.3531545880895496,0.18245268668068543,0.23331245526127417,0.19506957183123796,0.1847344637823811,0.5720837026475009,0.18249742740816965,0.28566922528195626,0.3181479195010695,0.5018830299377441,3.811594009399414,0.9877200126647949,1.3055031299591064,1.7811970710754395,0.29390406608581543,2.189948081970215,0.04084205627441406,1.0377240180969238
130,25,18,0.9676369018253577,0.9808157943751162,0.9584780311037294,0.9719199719199719,0.9795278495020288,0.9618157242622212,0.980633147113594,0.8358977203750659,0.7242000050124103,0.5667240619659424,4.337931156158447,1.0101468563079834,1.357663869857788,1.859834909439087,0.3079051971435547,2.3020920753479004,0.042366981506347656,1.100451946258545
131,98,51,0.5714186611168921,0.21430675362928675,0.3582625734813847,0.27692371960898987,0.24080758898589658,0.7331291234684261,0.22685224119081657,0.21032326588855824,0.6743496800324101,0.54050612449646,3.926097869873047,1.0105860233306885,1.2495942115783691,1.715487003326416,0.3372828960418701,2.1323068141937256,0.03626704216003418,0.9255540370941162
132,69,56,0.3481477594710883,0.15165568302009602,0.21849945828819067,0.17771329391983512,0.16244948878583246,0.5238041490778572,0.1560491416483606,0.28091301681745795,0.3658770059362257,0.565863847732544,3.712315082550049,1.0406599044799805,1.3117220401763916,1.7349951267242432,0.28302693367004395,1.9514830112457275,0.03839707374572754,0.8848159313201904
133,51,9,0.38655889257278375,0.15569868384206106,0.24134160675723695,0.19274559474431424,0.17256995890525842,0.541795836008438,0.16369588941433247,0.26062072254299207,0.4040476881800008,0.5737481117248535,3.914027214050293,1.0273079872131348,1.352837085723877,1.6716201305389404,0.35070109367370605,2.1699271202087402,0.039572954177856445,1.0464510917663574
134,65,18,0.7009104595311492,0.3840020576131687,0.4910144440712126,0.4154935585700879,0.3931140801644399,0.8643033493268738,0.38719355391736665,0.41774684688150665,0.9663540478686937,0.5937161445617676,4.311698913574219,1.0337250232696533,1.2768220901489258,1.7808830738067627,0.35492801666259766,2.1425728797912598,0.04047107696533203,1.1408779621124268
135,49,73,0.776943531988112,0.5199956531188872,0.6166274670211678,0.5497264242034116,0.5274463007159905,0.8691209342639479,0.521077792264233,0.7255716738153919,0.46144227366850776,0.5603599548339844,4.336124897003174,0.9432318210601807,1.5062408447265625,1.724025011062622,0.34972095489501953,2.3363401889801025,0.039942026138305664,1.0564320087432861
136,79,46,0.5587454853689099,0.29091281491090326,0.5210662623965637,0.4079301075268817,0.3465804695474651,0.4646843650407398,0.31445725591867363,0.30990670075928056,0.2081218972572872,0.578808069229126,3.79890513420105,0.9780168533325195,1.4036788940429688,1.7563838958740234,0.3161449432373047,2.087399959564209,0.042389869689941406,0.8010210990905762
137,65,21,0.32545338918006184,0.11145758375309826,0.2063043752364141,0.15894695686172292,0.13836577517539694,0.46096525431071833,0.12671460030245948,0.1691160660415355,0.3114706731464105,0.5521879196166992,4.17887806892395,0.9408478736877441,1.2822530269622803,1.6946418285369873,0.342756986618042,2.069105863571167,0.036231040954589844,0.8750860691070557
138,36,43,0.6114281965492357,0.32191323692992213,0.41633786351015634,0.3530500444181226,0.3294771968854282,0.7785928344590061,0.3233222098628105,0.5037902530990737,0.3528104486577161,0.6735780239105225,4.295622825622559,0.991361141204834,1.413266897201538,1.8743879795074463,0.3646249771118164,2.4468350410461426,0.035491943359375,1.0057129859924316
139,77,43,0.87953472851218,0.8031700969955051,0.8783208925274902,0.858759305210918,0.8325870918423064,0.8972463808385895,0.8219272144655527,0.30293617843736237,0.9589516519595388,0.5766410827636719,4.393836975097656,0.9874598979949951,1.5730149745941162,1.769564151763916,0.34937095642089844,2.1181209087371826,0.038423776626586914,1.1181108951568604
140,4,10,0.9452687910484067,0.8946991404011461,0.9360296061326989,0.916227018385292,0.9024222642157705,0.9609064175748141,0.8941238750661726,0.5788133524832713,0.7766735359101581,0.5066928863525391,4.36246395111084,1.0870299339294434,1.3984057903289795,1.8024370670318604,0.3451828956604004,2.156601905822754,0.03898811340332031,1.0650548934936523
141,24,12,0.7427037653107516,0.4970491147344203,0.5946837590724857,0.5287107258938245,0.5054846429996012,0.8515028359608772,0.49765023497650235,0.3947081227808351,0.45883448087484385,0.6000950336456299,4.126646041870117,1.0414149761199951,1.3763189315795898,1.775162935256958,0.3546481132507324,2.231121063232422,0.03523898124694824,1.0859239101409912
142,97,67,0.8795238095238096,0.7061414874319772,0.7985977609408572,0.7515333583677557,0.7211427100759233,0.8642350557244176,0.7120466321243523,0.4230933467114501,0.39881938378362575,0.5077707767486572,4.2619428634643555,1.0385138988494873,1.4340720176696777,1.8402659893035889,0.3742489814758301,2.144335985183716,0.04528999328613281,1.0107629299163818
143,13,58,0.9020379805465494,0.7362892223738062,0.8210107893242476,0.7692506126660648,0.75074143974117,0.9111072071676403,0.7418871011726207,0.8044184722558915,0.4972474879234027,0.5602779388427734,4.1011340618133545,1.0204460620880127,1.4309020042419434,1.710062026977539,0.3600349426269531,2.3478739261627197,0.035562992095947266,1.0609920024871826
144,4,14,0.4388789017813368,0.20558706154169293,0.28254394428829127,0.23109226052996262,0.2152068893089687,0.6783771915008614,0.2084856122663306,0.2071803621963669,0.6689340340749734,0.6003930568695068,4.082709074020386,0.9782838821411133,1.33125901222229,1.746302843093872,0.32709503173828125,2.1934869289398193,0.04081392288208008,1.1899750232696533
145,66,47,0.8894412067192321,0.7953059513830678,0.866464757709251,0.8122845502977123,0.794228562059354,0.769071855162829,0.7929309769923308,0.8909775701902702,0.2321953448884053,0.5953128337860107,3.8601770401000977,1.0317611694335938,1.582643985748291,1.8176300525665283,0.34975290298461914,2.142364978790283,0.040702104568481445,1.083178997039795
146,32,76,0.9454308822162311,0.9831985065339142,0.9666766288105201,0.9859257905318953,0.9843378271213323,0.9313117390305538,0.9885033873947855,0.9487629866152739,0.47016027433677227,0.5870838165283203,3.8013219833374023,0.8986170291900635,1.4941208362579346,1.7342321872711182,0.3334970474243164,2.1907598972320557,0.03760099411010742,0.960421085357666
147,81,89,0.2602698348771647,0.08103345872104534,0.1473642771445711,0.11218078833922945,0.0976859730454003,0.40671940646648025,0.09046363350125945,0.2193971838688536,0.40899423509605776,0.5667579174041748,3.681706190109253,0.9715139865875244,1.2929539680480957,1.6762628555297852,0.37396717071533203,2.1079049110412598,0.04107189178466797,0.8699841499328613
148,8,59,0.5354059886700837,0.4423413150893197,0.5695099818511796,0.49428474805546163,0.45879843583362956,0.4016717740659214,0.44547189197123144,0.34308548899292096,0.1968630282375658,0.5238499641418457,3.7409231662750244,0.958428144454956,1.3705899715423584,1.7289791107177734,0.32520604133605957,1.9805428981781006,0.04179191589355469,0.7354221343994141
149,10,66,0.9150214592274678,0.7435853575094081,0.8123050751346753,0.7713449341356318,0.7523372429032805,0.9258422551812199,0.7436730506155951,0.8916220266542081,0.675377011732121,0.5292119979858398,3.980131149291992,0.9635269641876221,1.4575660228729248,1.7379310131072998,0.34940218925476074,2.3031539916992188,0.043588876724243164,1.0823798179626465
150,83,42,0.30283869231804117,0.14046958522227485,0.17802287028892347,0.14689762500845793,0.14128154814263483,0.5549235052842729,0.1405034170106232,0.23026399735741365,0.5775838922086436,0.4895920753479004,3.890615940093994,0.8861839771270752,1.2620289325714111,1.796731948852539,0.3778688907623291,2.1873011589050293,0.03410196304321289,1.0824639797210693
151,2,1,0.9224084419615146,0.8441725692208628,0.8519505233111323,0.8456333262846267,0.845230439442658,0.9416217690786334,0.8441725692208628,0.3548883226587675,0.6561739807951849,0.6567971706390381,4.178829908370972,0.9865188598632812,1.5529100894927979,1.9774870872497559,0.3585820198059082,2.237758159637451,0.040817975997924805,1.113858938217163
152,65,29,0.39751969914040114,0.1917820699708455,0.24566118525941785,0.2068604227405248,0.19629190962099127,0.6317554975773388,0.1935131195335277,0.2793426964789467,0.4188310015911641,0.5723869800567627,3.930699110031128,0.9498379230499268,1.632124900817871,1.9097900390625,0.3242940902709961,2.4661970138549805,0.05041694641113281,0.9486618041992188
153,47,78,0.6269694393037564,0.29466204919990446,0.43673182722696946,0.3499821619693186,0.3136073495197757,0.7569853639992397,0.3005970149253731,0.48421794552482694,0.3916220489765508,0.5749349594116211,3.7474050521850586,0.8904280662536621,1.3724908828735352,1.7830450534820557,0.33461904525756836,2.4904701709747314,0.03951716423034668,0.9915640354156494
154,30,53,0.6102019331993492,0.34594762607817237,0.541103765449842,0.4457712199574079,0.39381761978361673,0.4796251684292189,0.3695854680950163,0.3770812497879972,0.17353326873493,0.5746409893035889,3.9159860610961914,1.066545009613037,1.3059418201446533,1.8163819313049316,0.33216094970703125,2.3475828170776367,0.03995084762573242,0.8584311008453369
155,65,9,0.7161106650120447,0.41298114519072027,0.5168138586956522,0.4433399602385686,0.42204861111111114,0.848729792147806,0.41610213652944245,0.49289630576257615,0.47639758558643036,0.5676770210266113,4.057003974914551,0.967048168182373,1.461487054824829,1.706968069076538,0.336076021194458,2.1310689449310303,0.04428601264953613,0.9991440773010254
156,55,45,0.9625346343814,0.977342718873735,0.9698211624441131,0.9757291888439429,0.9756418696510862,0.9638392257023793,0.977342718873735,0.871358581134147,0.7226870253269173,0.5780549049377441,3.8930559158325195,0.9265098571777344,1.3720660209655762,1.7870769500732422,0.3619201183319092,2.535632848739624,0.041409969329833984,1.0900812149047852
157,14,86,0.5349710221285564,0.2821254675040576,0.3624833578585943,0.3008325102299986,0.2849481335121022,0.747332045939628,0.2821254675040576,0.370303009097347,0.5949703606504443,0.5125429630279541,4.271369934082031,1.045166015625,1.4976730346679688,1.800889015197754,0.3472299575805664,2.1854100227355957,0.04310321807861328,0.9699769020080566
158,66,60,0.8721448721448721,0.6905547226386807,0.7668670674682697,0.7133674214755296,0.695360286438908,0.8971536633855405,0.690936329588015,0.8620737475144803,0.37834638767392725,0.701833963394165,4.1126627922058105,1.0297420024871826,1.489347219467163,1.7291820049285889,0.3566920757293701,2.2798280715942383,0.03906106948852539,1.0445568561553955
159,78,24,0.44977854515426763,0.19884471900196557,0.28704,0.23212352115500298,0.2108387821412812,0.62844567333465,0.20245497212082314,0.3817047545754253,0.33497550175245083,0.5744011402130127,3.7387399673461914,0.9876968860626221,1.289262056350708,1.796422004699707,0.34590983390808105,2.0892410278320312,0.034353017807006836,0.9326441287994385
160,45,34,0.8972541075849652,0.8121649103346275,0.8505936675461742,0.8286026200873363,0.8107360265633646,0.9270072992700731,0.8121649103346275,0.6720817597352137,0.883972065106114,0.539417028427124,3.9521188735961914,0.9506638050079346,1.4083280563354492,1.7881460189819336,0.3552830219268799,2.2084169387817383,0.03931117057800293,1.1491169929504395
161,75,38,0.3959641047100944,0.22291401348992973,0.2561107709697169,0.22916568410130644,0.2238573652186218,0.6638645785352373,0.22300834866279895,0.3669807032670882,1.0149579388841996,0.5230238437652588,3.8274641036987305,0.8753409385681152,1.2591989040374756,1.777297019958496,0.2895238399505615,2.1547460556030273,0.036485910415649414,0.9915769100189209
162,15,92,0.3932110807647288,0.17808219178082194,0.23223770917368908,0.19210032349534728,0.18215583689444467,0.5953560556318271,0.1791605096050162,0.24748351616252925,0.32217777977251216,0.5427629947662354,3.85941481590271,1.0051629543304443,1.2911760807037354,1.8517098426818848,0.2906458377838135,2.2222330570220947,0.04015803337097168,1.0078380107879639
163,95,41,0.9547653876448745,0.9224322744104463,0.9335872805564757,0.9294271808311494,0.9194202898550725,0.9515625955599046,0.9217137293086661,0.8106860610067311,0.7523914447826693,0.5748569965362549,4.065593004226685,1.0299780368804932,1.411081075668335,1.8310470581054688,0.28989696502685547,2.2894601821899414,0.0371708869934082,1.1648070812225342
164,43,22,0.31041284562411325,0.14654186167446698,0.18738082856647598,0.1594037094817126,0.14955798231929276,0.5579128440366973,0.14713121858207662,0.1962010352476923,0.6414196643239984,0.5566189289093018,3.7577078342437744,0.9066569805145264,1.3938548564910889,1.6764249801635742,0.33945584297180176,2.0431580543518066,0.04005885124206543,0.9676439762115479
165,8,58,0.44442784583208844,0.21025988520408162,0.2838996506827564,0.22967212461654915,0.21528220663265307,0.5642250814158347,0.21133609693877553,0.3477434402548582,0.2199832045153953,0.5863339900970459,3.791593074798584,0.9409739971160889,1.3811149597167969,1.6823267936706543,0.36708498001098633,2.183079957962036,0.0424802303314209,0.9124610424041748
166,22,18,0.3867547906316537,0.19661893929256438,0.23221374726794236,0.20228377715330748,0.19719880458539632,0.637298488421541,0.19661893929256438,0.24118137830948366,0.45643309009855043,0.5709841251373291,3.943937063217163,0.9822978973388672,1.3782949447631836,1.7827270030975342,0.3634769916534424,2.107785940170288,0.03866696357727051,0.9712328910827637
167,9,2,0.9588752196836555,0.9444920702957564,0.9492659356996841,0.9505598985844074,0.94624116513172,0.950720292027899,0.9444920702957564,0.40494775521409276,0.5348428589381387,0.5698330402374268,3.8674111366271973,0.9022870063781738,1.3983039855957031,1.7891809940338135,0.34874606132507324,2.190783977508545,0.03538703918457031,1.107417106628418
168,78,25,0.35086438500175215,0.17283791615686783,0.24208601943615896,0.20000643935735213,0.18211088930388306,0.4137599137599138,0.17567132461845578,0.3016770197258812,0.19691334165714552,0.5335440635681152,3.7073299884796143,1.0182359218597412,1.266577959060669,1.6957991123199463,0.3251330852508545,2.1030399799346924,0.0390620231628418,0.9184150695800781
169,2,51,0.3829079092195608,0.1366268183782227,0.22081347855684139,0.17316526932353277,0.15388380261415327,0.5808365407106556,0.14496802811221843,0.1610877848535884,0.6016919597136041,0.5846641063690186,3.7864789962768555,1.0231871604919434,1.2883939743041992,1.807809829711914,0.3331589698791504,2.1382079124450684,0.03543806076049805,0.9570910930633545
170,93,22,0.32750386037993323,0.1778073903335014,0.21295829431679034,0.18828783404163366,0.18119282575812143,0.5464969390729764,0.17870777209536842,0.22241167167168024,0.347651904662936,0.553184986114502,3.820605993270874,0.9656450748443604,1.3060829639434814,1.6682841777801514,0.3481781482696533,2.049791097640991,0.0364840030670166,1.0019090175628662
171,58,8,0.44442784583208844,0.21025988520408162,0.2838996506827564,0.22967212461654915,0.21528220663265307,0.5642250814158347,0.21133609693877553,0.34774344025485926,0.21971061765452293,0.5427830219268799,3.988356828689575,1.0210909843444824,1.3974270820617676,1.8266479969024658,0.3488929271697998,2.179779052734375,0.03976011276245117,1.0330941677093506
172,3,2,0.7545886518214852,0.5423771001866833,0.6001637235411064,0.5496070726915521,0.5423497267759563,0.8677827335492148,0.5423771001866833,0.2733499869936199,0.9931753352208356,0.5599110126495361,4.006227016448975,0.9134759902954102,1.3699841499328613,1.9980478286743164,0.29796409606933594,2.1175858974456787,0.040693044662475586,1.1080479621887207
173,9,53,0.5864974163109413,0.29856913778216354,0.3904540732139583,0.32481841684106855,0.3049321824907521,0.7291120980905743,0.29967928950289874,0.5346430648327617,0.2819073770467443,0.5477011203765869,4.042713165283203,0.9327569007873535,1.4089739322662354,2.3603920936584473,0.3397669792175293,2.1423239707946777,0.037039995193481445,0.9794478416442871
174,74,83,0.5426267830733267,0.26140845070422536,0.34689166162809876,0.2831563142968359,0.2655559903840778,0.6967675890308972,0.26137702710285615,0.5013627653322812,0.48223499855952556,0.5044119358062744,4.542484998703003,0.9611661434173584,1.3509340286254883,1.7166070938110352,0.3743901252746582,2.080104112625122,0.04324007034301758,1.0611090660095215
175,42,83,0.30283869231804117,0.14046958522227485,0.17802287028892347,0.14689762500845793,0.14128154814263483,0.5549235052842729,0.1405034170106232,0.23026399735741365,0.5700454203064522,0.5521440505981445,3.8844621181488037,0.9698879718780518,1.5129590034484863,1.6888389587402344,0.3494141101837158,2.249677896499634,0.03832507133483887,1.070378065109253
176,63,60,0.948588501957552,0.8652379222666182,0.9040355894502701,0.8718898888300688,0.8671973946082866,0.9408812661997463,0.865698729582577,0.9221220317603003,0.631122584868986,0.5202901363372803,3.8471009731292725,0.9719951152801514,1.4796500205993652,1.8361480236053467,0.35379791259765625,2.0450029373168945,0.0388340950012207,1.1132290363311768
177,76,86,0.5708995993687022,0.2950417605727164,0.39524965553441377,0.32744124462098645,0.3051173273233462,0.7497087127260174,0.2980909452472491,0.49443246819922376,0.3411147291552788,0.5677189826965332,3.939558982849121,0.9429359436035156,1.3162510395050049,1.921354055404663,0.3405120372772217,2.110893964767456,0.03966689109802246,1.000412940979004
178,22,83,0.18697383905132617,0.08609406489889268,0.1071760150358914,0.0901247707253006,0.0866375308530151,0.3853046594982079,0.08611670931364779,0.13590537716135598,0.8636347005575346,0.562140941619873,4.766378164291382,1.0125432014465332,1.4242939949035645,1.7926568984985352,0.35179805755615234,2.1968820095062256,0.0433349609375,1.0842280387878418
179,63,56,0.6054016357065872,0.37158817706123604,0.43579739427297426,0.3875466647883356,0.3759185980780102,0.7399230567456501,0.37229529062367417,0.4323505700415948,0.30102450102680034,0.5687429904937744,3.856081962585449,0.974869966506958,1.3125698566436768,1.732602834701538,0.35234618186950684,2.278855800628662,0.04259300231933594,1.1541728973388672
180,26,10,0.25487480924659467,0.12955832389580973,0.15656851642129108,0.13640996602491506,0.13083238958097396,0.4637481084238192,0.12961494903737258,0.17245253467873087,0.8594867176854428,0.5122008323669434,4.218928098678589,0.9224650859832764,1.3909268379211426,1.7615289688110352,0.3585031032562256,2.3491809368133545,0.04062485694885254,1.1252591609954834
181,60,46,0.525539361183715,0.23219337866679904,0.3455270543055487,0.2754413806784368,0.24877152925993945,0.6169642108792222,0.23745470789695736,0.4084117672618783,0.23190465306284688,0.490969181060791,4.123466968536377,0.9387149810791016,1.3454549312591553,1.6899099349975586,0.3785879611968994,2.0634889602661133,0.048898935317993164,0.9290010929107666
182,80,59,0.359528273688215,0.15501081470800288,0.2461936756456882,0.19601297809945714,0.17259073842302877,0.43895598848296746,0.161958155850664,0.2726947254159454,0.22888840265374985,0.6013879776000977,3.9254841804504395,1.0232670307159424,1.2478888034820557,1.7678170204162598,0.2853810787200928,2.135547161102295,0.03974318504333496,0.8521251678466797
183,79,25,0.31287599571989066,0.12676753209551836,0.1976735128398203,0.15856611043136437,0.1411014190860565,0.4189516129032258,0.13322569724746752,0.23637697045933834,0.24382513713955284,0.5332860946655273,3.8196840286254883,1.0034689903259277,1.290235996246338,1.706238031387329,0.33045196533203125,2.1382808685302734,0.04151415824890137,1.007863998413086
184,65,63,0.9168606907256501,0.7959397969898494,0.8550682118233827,0.816122584943371,0.8065857885615252,0.9477678337781964,0.801888442035321,0.6461834770830455,0.925291761487464,0.5631089210510254,3.901431083679199,0.916485071182251,1.4510178565979004,1.9196960926055908,0.36589598655700684,2.186771869659424,0.044764041900634766,1.0337440967559814
185,100,59,0.3584950874670501,0.16031274800858294,0.24026538416966045,0.1963501083836194,0.17593190490167304,0.48338586407926987,0.1668674167866271,0.26906410760975136,0.27686404155870065,0.5791411399841309,3.707900047302246,0.96872878074646,1.3739819526672363,1.7765741348266602,0.34200096130371094,2.169286012649536,0.04590106010437012,0.8709352016448975
186,20,18,0.939029535864979,0.8527162188664444,0.8856094714023679,0.8654691381616664,0.8539589442815251,0.956938613412005,0.8527162188664444,0.8583750790924491,1.0072185011172305,0.4965229034423828,3.9505820274353027,0.933434009552002,1.3693840503692627,1.8921852111816406,0.3218090534210205,2.132779121398926,0.038015127182006836,1.0458450317382812
187,6,57,0.6121212121212121,0.3801092318534179,0.4463157894736843,0.39607186894486524,0.3831042988019732,0.7992441860465117,0.38019732205778717,0.6372477817279207,0.4464537550203898,0.6090199947357178,4.194736003875732,0.9892082214355469,1.35841703414917,1.823477029800415,0.34935617446899414,2.019041061401367,0.036924123764038086,1.0501270294189453
188,47,67,0.8598012931714241,0.6662951956414067,0.7665687234737185,0.7066140413826097,0.6759680393362016,0.8805610532656399,0.6677798392084107,0.47094880981228215,0.43930356223842865,0.5650949478149414,4.140053987503052,1.20265793800354,1.4310829639434814,1.8487839698791504,0.3440971374511719,2.19376802444458,0.03970909118652344,1.2388691902160645
189,4,43,0.9422526248806873,0.9749276759884281,0.9657971785999468,0.9664044575549001,0.9629496402877696,0.8839642605219845,0.9652647390161473,0.5440712385891087,0.3856308875038644,0.5627119541168213,3.8278748989105225,1.1031100749969482,1.698585033416748,1.8540220260620117,0.35686182975769043,2.598755121231079,0.04789090156555176,1.0496702194213867
190,20,17,0.5839357429718876,0.36020270805289417,0.4093235687849437,0.36777971197974363,0.36091535355135007,0.7832171497457938,0.36020270805289417,0.5125496591608215,0.48171075513840295,0.5941648483276367,3.907170057296753,1.121415138244629,1.3387150764465332,1.745021104812622,0.3556239604949951,2.2039401531219482,0.0450589656829834,1.2508530616760254
191,86,90,0.5013946411968556,0.25170628922174887,0.33380442215637113,0.27487869632884737,0.2578901561998992,0.5833566355349253,0.252943062617379,0.372731028533689,0.21038015420445252,0.5434720516204834,4.202893972396851,1.0285120010375977,1.352889060974121,1.8156421184539795,0.28388214111328125,2.2751100063323975,0.04969906806945801,0.9031229019165039
192,54,73,0.9124322153042779,0.8923577858647768,0.9000774593338497,0.8974731866933284,0.8946867263378404,0.928516143299425,0.8927408542424823,0.9666695724314087,0.465759380415636,0.627748966217041,4.040412902832031,1.0318481922149658,1.3622300624847412,1.874419927597046,0.40041613578796387,2.469080924987793,0.04002809524536133,0.9682879447937012
193,75,83,0.8938745695502452,0.7626570232204035,0.8097014925373135,0.7711926605504587,0.7653313081450542,0.9366210842789255,0.7628473543966502,0.8693071803005531,0.9495151978050789,0.6053199768066406,4.460000038146973,0.9789340496063232,1.367292881011963,1.8043749332427979,0.2877919673919678,2.3439738750457764,0.04240894317626953,1.0875821113586426
194,95,27,0.9602291506004187,0.9575399430947692,0.9678922837907818,0.9679643146796431,0.9568206229860365,0.9483390540461923,0.9568815331010453,0.7415779478903068,0.8134508719480484,0.5106089115142822,4.094218969345093,0.9871540069580078,1.372859001159668,1.8755688667297363,0.35803699493408203,2.3160061836242676,0.03826093673706055,1.1558167934417725
195,91,8,0.7982958003651857,0.4758970641536789,0.636140235910878,0.5340061430451953,0.4943830322638627,0.8782944871937844,0.4814814814814814,0.6401256245890985,0.5270922739503883,0.533534049987793,3.730192184448242,0.980133056640625,1.4484710693359375,1.7172610759735107,0.33589696884155273,2.106205940246582,0.04206705093383789,0.9515421390533447
196,100,16,0.9698543639881863,0.9672063096720631,0.9728251864125931,0.9694881889763779,0.967588769611891,0.9548069940226803,0.9668049792531122,0.9062352265467611,0.6378751952010128,0.5885450839996338,4.032198905944824,0.9012160301208496,1.3050251007080078,2.0109310150146484,0.3478889465332031,2.315852165222168,0.03901314735412598,1.087435007095337
197,2,30,0.3582181259600615,0.1495681953543776,0.2319168676934496,0.18919824313258393,0.17004169148302561,0.4295991076103536,0.1604005360333532,0.33350224654371036,0.1929467361469976,0.5562551021575928,3.9713399410247803,1.010603904724121,1.3543109893798828,1.7897741794586182,0.34046411514282227,2.2085649967193604,0.03659486770629883,0.8081390857696533
198,26,7,0.3052812982443543,0.1735915746952319,0.19411382817571954,0.17636875135252109,0.1739161797590709,0.5276138003410731,0.1735915746952319,0.1997787120031105,0.9804736657418728,0.6265008449554443,4.272284030914307,0.9894368648529053,1.406601905822754,1.7817320823669434,0.36162400245666504,2.157442808151245,0.04194378852844238,1.0646169185638428
199,52,51,0.4844724504279754,0.4682009838369642,0.5901451090928073,0.591414476106325,0.547091072743638,0.46205327706712385,0.5116752993122188,0.17838403734333838,0.3496988874540739,0.5090301036834717,3.6552071571350098,0.9995861053466797,1.3414568901062012,1.800765037536621,0.35834693908691406,2.0700650215148926,0.04067707061767578,0.7895288467407227
